-- このファイルは `npm run db:seed:gen` で自動生成されます。直接編集しないでください。
DELETE FROM `rate_tier_skills`;
DELETE FROM `rate_tiers`;
DELETE FROM `quest_attempts`;
DELETE FROM `quest_skills`;
DELETE FROM `quests`;
DELETE FROM `user_skills`;
DELETE FROM `skill_dependencies`;
DELETE FROM `skills`;
DELETE FROM `sessions`;
DELETE FROM `users`;
DELETE FROM `teams`;
INSERT INTO `teams` (`id`, `name`) VALUES (1, 'Alpha チーム');
INSERT INTO `teams` (`id`, `name`) VALUES (2, 'Beta チーム');
INSERT INTO `skills` (`id`, `name`, `category`, `description`) VALUES (1, 'HTML/CSS', 'フロントエンド', 'Webページの構造とスタイリングの基礎');
INSERT INTO `skills` (`id`, `name`, `category`, `description`) VALUES (2, 'JavaScript', 'フロントエンド', 'ブラウザで動く言語の基礎');
INSERT INTO `skills` (`id`, `name`, `category`, `description`) VALUES (3, 'TypeScript', 'フロントエンド', '型安全なJavaScript');
INSERT INTO `skills` (`id`, `name`, `category`, `description`) VALUES (4, 'React', 'フロントエンド', 'コンポーネント指向UIライブラリ');
INSERT INTO `skills` (`id`, `name`, `category`, `description`) VALUES (5, 'Next.js', 'フロントエンド', 'Reactのフルスタックフレームワーク');
INSERT INTO `skills` (`id`, `name`, `category`, `description`) VALUES (6, 'Git', '共通', 'バージョン管理の基礎');
INSERT INTO `skills` (`id`, `name`, `category`, `description`) VALUES (7, 'SQL', 'バックエンド', 'リレーショナルDBの操作');
INSERT INTO `skills` (`id`, `name`, `category`, `description`) VALUES (8, 'Node.js', 'バックエンド', 'サーバーサイドJavaScript実行環境');
INSERT INTO `skills` (`id`, `name`, `category`, `description`) VALUES (9, 'REST API設計', 'バックエンド', 'Web APIの設計');
INSERT INTO `skills` (`id`, `name`, `category`, `description`) VALUES (10, 'Docker', 'インフラ', 'コンテナによる実行環境の標準化');
INSERT INTO `skills` (`id`, `name`, `category`, `description`) VALUES (11, 'CI/CD', 'インフラ', '継続的インテグレーション/デリバリ');
INSERT INTO `skills` (`id`, `name`, `category`, `description`) VALUES (12, 'クラウド基礎', 'インフラ', 'クラウドインフラの基礎概念');
INSERT INTO `skills` (`id`, `name`, `category`, `description`) VALUES (13, 'テスト設計', '共通', '自動テストの設計と実装');
INSERT INTO `skills` (`id`, `name`, `category`, `description`) VALUES (14, 'アーキテクチャ設計', 'バックエンド', 'スケーラブルな設計');
INSERT INTO `skill_dependencies` (`id`, `prerequisite_skill_id`, `unlocked_skill_id`) VALUES (1, 1, 2);
INSERT INTO `skill_dependencies` (`id`, `prerequisite_skill_id`, `unlocked_skill_id`) VALUES (2, 2, 3);
INSERT INTO `skill_dependencies` (`id`, `prerequisite_skill_id`, `unlocked_skill_id`) VALUES (3, 2, 4);
INSERT INTO `skill_dependencies` (`id`, `prerequisite_skill_id`, `unlocked_skill_id`) VALUES (4, 3, 4);
INSERT INTO `skill_dependencies` (`id`, `prerequisite_skill_id`, `unlocked_skill_id`) VALUES (5, 4, 5);
INSERT INTO `skill_dependencies` (`id`, `prerequisite_skill_id`, `unlocked_skill_id`) VALUES (6, 2, 8);
INSERT INTO `skill_dependencies` (`id`, `prerequisite_skill_id`, `unlocked_skill_id`) VALUES (7, 8, 9);
INSERT INTO `skill_dependencies` (`id`, `prerequisite_skill_id`, `unlocked_skill_id`) VALUES (8, 7, 9);
INSERT INTO `skill_dependencies` (`id`, `prerequisite_skill_id`, `unlocked_skill_id`) VALUES (9, 6, 11);
INSERT INTO `skill_dependencies` (`id`, `prerequisite_skill_id`, `unlocked_skill_id`) VALUES (10, 10, 11);
INSERT INTO `skill_dependencies` (`id`, `prerequisite_skill_id`, `unlocked_skill_id`) VALUES (11, 12, 10);
INSERT INTO `skill_dependencies` (`id`, `prerequisite_skill_id`, `unlocked_skill_id`) VALUES (12, 9, 14);
INSERT INTO `skill_dependencies` (`id`, `prerequisite_skill_id`, `unlocked_skill_id`) VALUES (13, 13, 14);
INSERT INTO `rate_tiers` (`id`, `name`, `description`, `estimated_rate`, `sort_order`) VALUES (1, 'ジュニア', '基礎を習得し、指示のもと開発できる', 40, 1);
INSERT INTO `rate_tier_skills` (`rate_tier_id`, `skill_id`) VALUES (1, 1);
INSERT INTO `rate_tier_skills` (`rate_tier_id`, `skill_id`) VALUES (1, 2);
INSERT INTO `rate_tier_skills` (`rate_tier_id`, `skill_id`) VALUES (1, 6);
INSERT INTO `rate_tiers` (`id`, `name`, `description`, `estimated_rate`, `sort_order`) VALUES (2, 'ミドル', '一人称で機能開発を担える', 60, 2);
INSERT INTO `rate_tier_skills` (`rate_tier_id`, `skill_id`) VALUES (2, 3);
INSERT INTO `rate_tier_skills` (`rate_tier_id`, `skill_id`) VALUES (2, 4);
INSERT INTO `rate_tier_skills` (`rate_tier_id`, `skill_id`) VALUES (2, 7);
INSERT INTO `rate_tiers` (`id`, `name`, `description`, `estimated_rate`, `sort_order`) VALUES (3, 'シニア', '設計・レビューを主導できる', 80, 3);
INSERT INTO `rate_tier_skills` (`rate_tier_id`, `skill_id`) VALUES (3, 5);
INSERT INTO `rate_tier_skills` (`rate_tier_id`, `skill_id`) VALUES (3, 9);
INSERT INTO `rate_tier_skills` (`rate_tier_id`, `skill_id`) VALUES (3, 13);
INSERT INTO `rate_tiers` (`id`, `name`, `description`, `estimated_rate`, `sort_order`) VALUES (4, 'リード', 'アーキテクチャと運用基盤を牽引できる', 100, 4);
INSERT INTO `rate_tier_skills` (`rate_tier_id`, `skill_id`) VALUES (4, 14);
INSERT INTO `rate_tier_skills` (`rate_tier_id`, `skill_id`) VALUES (4, 11);
INSERT INTO `rate_tier_skills` (`rate_tier_id`, `skill_id`) VALUES (4, 12);
INSERT INTO `quests` (`id`, `title`, `description`, `category`, `reward_points`, `verification`, `is_published`) VALUES (1, 'はじめてのWebページ', 'HTMLとCSSで自己紹介ページを作ろう。', 'フロントエンド', 100, 'self', 1);
INSERT INTO `quest_skills` (`quest_id`, `skill_id`) VALUES (1, 1);
INSERT INTO `quests` (`id`, `title`, `description`, `category`, `reward_points`, `verification`, `is_published`) VALUES (2, 'Gitでバージョン管理', 'リポジトリを作成し、コミット・ブランチ・マージを体験する。', '共通', 100, 'self', 1);
INSERT INTO `quest_skills` (`quest_id`, `skill_id`) VALUES (2, 6);
INSERT INTO `quests` (`id`, `title`, `description`, `category`, `reward_points`, `verification`, `is_published`) VALUES (3, 'JavaScript で電卓を作る', 'DOM操作で動く電卓アプリを実装し、成果物URLを提出する。', 'フロントエンド', 150, 'approval', 1);
INSERT INTO `quest_skills` (`quest_id`, `skill_id`) VALUES (3, 2);
INSERT INTO `quests` (`id`, `title`, `description`, `category`, `reward_points`, `verification`, `is_published`) VALUES (4, 'TypeScript 型クイズ', '型に関するテストに合格しよう。', 'フロントエンド', 150, 'test', 1);
INSERT INTO `quest_skills` (`quest_id`, `skill_id`) VALUES (4, 3);
INSERT INTO `quests` (`id`, `title`, `description`, `category`, `reward_points`, `verification`, `is_published`) VALUES (5, 'React で ToDo アプリ', '状態管理を使ったToDoアプリを作り、成果物を提出する。', 'フロントエンド', 200, 'approval', 1);
INSERT INTO `quest_skills` (`quest_id`, `skill_id`) VALUES (5, 4);
INSERT INTO `quests` (`id`, `title`, `description`, `category`, `reward_points`, `verification`, `is_published`) VALUES (6, 'SQL で集計クエリ', 'JOINとGROUP BYを使った集計クエリを書く。', 'バックエンド', 150, 'test', 1);
INSERT INTO `quest_skills` (`quest_id`, `skill_id`) VALUES (6, 7);
INSERT INTO `quests` (`id`, `title`, `description`, `category`, `reward_points`, `verification`, `is_published`) VALUES (7, 'Node.js でAPIサーバー', 'ExpressでシンプルなAPIサーバーを立てる。', 'バックエンド', 200, 'approval', 1);
INSERT INTO `quest_skills` (`quest_id`, `skill_id`) VALUES (7, 8);
INSERT INTO `quests` (`id`, `title`, `description`, `category`, `reward_points`, `verification`, `is_published`) VALUES (8, 'REST API を設計する', 'リソース設計とエンドポイント定義を行い、ドキュメントを提出する。', 'バックエンド', 250, 'approval', 1);
INSERT INTO `quest_skills` (`quest_id`, `skill_id`) VALUES (8, 9);
INSERT INTO `quests` (`id`, `title`, `description`, `category`, `reward_points`, `verification`, `is_published`) VALUES (9, 'Next.js でSSR', 'Next.jsでサーバーサイドレンダリングのページを作る。', 'フロントエンド', 250, 'approval', 1);
INSERT INTO `quest_skills` (`quest_id`, `skill_id`) VALUES (9, 5);
INSERT INTO `quests` (`id`, `title`, `description`, `category`, `reward_points`, `verification`, `is_published`) VALUES (10, 'Docker でコンテナ化', 'アプリをDocker化し、composeで起動する。', 'インフラ', 200, 'approval', 1);
INSERT INTO `quest_skills` (`quest_id`, `skill_id`) VALUES (10, 10);
INSERT INTO `quests` (`id`, `title`, `description`, `category`, `reward_points`, `verification`, `is_published`) VALUES (11, 'CI/CD パイプライン構築', 'GitHub Actionsで自動テスト&デプロイを構築する。', 'インフラ', 300, 'approval', 1);
INSERT INTO `quest_skills` (`quest_id`, `skill_id`) VALUES (11, 11);
INSERT INTO `quests` (`id`, `title`, `description`, `category`, `reward_points`, `verification`, `is_published`) VALUES (12, 'クラウド基礎を学ぶ', 'クラウドの基本概念に関するテストに合格する。', 'インフラ', 150, 'test', 1);
INSERT INTO `quest_skills` (`quest_id`, `skill_id`) VALUES (12, 12);
INSERT INTO `quests` (`id`, `title`, `description`, `category`, `reward_points`, `verification`, `is_published`) VALUES (13, 'テストを書こう', 'ユニットテストを実装し、カバレッジを提出する。', '共通', 200, 'approval', 1);
INSERT INTO `quest_skills` (`quest_id`, `skill_id`) VALUES (13, 13);
INSERT INTO `quests` (`id`, `title`, `description`, `category`, `reward_points`, `verification`, `is_published`) VALUES (14, 'アーキテクチャ設計演習', 'スケーラブルなシステム設計を提案する。', 'バックエンド', 350, 'approval', 1);
INSERT INTO `quest_skills` (`quest_id`, `skill_id`) VALUES (14, 14);
INSERT INTO `quests` (`id`, `title`, `description`, `category`, `reward_points`, `verification`, `is_published`) VALUES (15, '【下書き】GraphQL入門', '公開前のクエスト。', 'バックエンド', 200, 'approval', 0);
INSERT INTO `users` (`id`, `name`, `email`, `password_hash`, `role`, `team_id`, `total_points`, `current_estimated_rate`) VALUES (1, '運営 管理者', 'admin@example.com', '$2a$10$XmpNPvqFx/UR2Lx0orZp7e4Qjyx14fAuHqvCjkIO9BGGbrwKP0Qba', 'admin', 1, 0, 0);
INSERT INTO `users` (`id`, `name`, `email`, `password_hash`, `role`, `team_id`, `total_points`, `current_estimated_rate`) VALUES (2, '佐藤 太郎', 'taro@example.com', '$2a$10$XmpNPvqFx/UR2Lx0orZp7e4Qjyx14fAuHqvCjkIO9BGGbrwKP0Qba', 'engineer', 1, 450, 40);
INSERT INTO `user_skills` (`user_id`, `skill_id`) VALUES (2, 1);
INSERT INTO `user_skills` (`user_id`, `skill_id`) VALUES (2, 2);
INSERT INTO `user_skills` (`user_id`, `skill_id`) VALUES (2, 6);
INSERT INTO `user_skills` (`user_id`, `skill_id`) VALUES (2, 3);
INSERT INTO `users` (`id`, `name`, `email`, `password_hash`, `role`, `team_id`, `total_points`, `current_estimated_rate`) VALUES (3, '鈴木 花子', 'hanako@example.com', '$2a$10$XmpNPvqFx/UR2Lx0orZp7e4Qjyx14fAuHqvCjkIO9BGGbrwKP0Qba', 'engineer', 1, 850, 60);
INSERT INTO `user_skills` (`user_id`, `skill_id`) VALUES (3, 1);
INSERT INTO `user_skills` (`user_id`, `skill_id`) VALUES (3, 2);
INSERT INTO `user_skills` (`user_id`, `skill_id`) VALUES (3, 6);
INSERT INTO `user_skills` (`user_id`, `skill_id`) VALUES (3, 3);
INSERT INTO `user_skills` (`user_id`, `skill_id`) VALUES (3, 4);
INSERT INTO `user_skills` (`user_id`, `skill_id`) VALUES (3, 7);
INSERT INTO `users` (`id`, `name`, `email`, `password_hash`, `role`, `team_id`, `total_points`, `current_estimated_rate`) VALUES (4, '高橋 次郎', 'jiro@example.com', '$2a$10$XmpNPvqFx/UR2Lx0orZp7e4Qjyx14fAuHqvCjkIO9BGGbrwKP0Qba', 'engineer', 2, 200, 0);
INSERT INTO `user_skills` (`user_id`, `skill_id`) VALUES (4, 1);
INSERT INTO `user_skills` (`user_id`, `skill_id`) VALUES (4, 6);
INSERT INTO `users` (`id`, `name`, `email`, `password_hash`, `role`, `team_id`, `total_points`, `current_estimated_rate`) VALUES (5, '田中 美咲', 'misaki@example.com', '$2a$10$XmpNPvqFx/UR2Lx0orZp7e4Qjyx14fAuHqvCjkIO9BGGbrwKP0Qba', 'engineer', 2, 1600, 80);
INSERT INTO `user_skills` (`user_id`, `skill_id`) VALUES (5, 1);
INSERT INTO `user_skills` (`user_id`, `skill_id`) VALUES (5, 2);
INSERT INTO `user_skills` (`user_id`, `skill_id`) VALUES (5, 6);
INSERT INTO `user_skills` (`user_id`, `skill_id`) VALUES (5, 3);
INSERT INTO `user_skills` (`user_id`, `skill_id`) VALUES (5, 4);
INSERT INTO `user_skills` (`user_id`, `skill_id`) VALUES (5, 7);
INSERT INTO `user_skills` (`user_id`, `skill_id`) VALUES (5, 5);
INSERT INTO `user_skills` (`user_id`, `skill_id`) VALUES (5, 9);
INSERT INTO `user_skills` (`user_id`, `skill_id`) VALUES (5, 13);
INSERT INTO `user_skills` (`user_id`, `skill_id`) VALUES (5, 8);
INSERT INTO `users` (`id`, `name`, `email`, `password_hash`, `role`, `team_id`, `total_points`, `current_estimated_rate`) VALUES (6, '渡辺 健', 'ken@example.com', '$2a$10$XmpNPvqFx/UR2Lx0orZp7e4Qjyx14fAuHqvCjkIO9BGGbrwKP0Qba', 'engineer', 1, 0, 0);
INSERT INTO `quest_attempts` (`user_id`, `quest_id`, `status`, `submission`, `submitted_at`) VALUES (4, 3, 'submitted', 'https://github.com/example/calculator （電卓アプリを作りました）', unixepoch());
